"","objectid","beat","div","serv","name","calls_total","calls_percent","all_crime_total","all_crime_percent","p1_total","p1_percent","p2_total","p2_percent","total_ppl_stopped","ppl_percent","total_ppl_stopped_non_service","ppl_non_service_percent","total_stops","stops_percent","total_stops_nonservice","stops_nonservice_percent","total_stops_service","stops_service_percent","total_pop","white_per","black_per","asian_per","hisp_per","other_per","total_ppl_stopped.1","per_asian_stopped","per_black_stopped","per_hisp_stopped","per_mesa_stopped","per_mixed_stopped","per_nam_stopped","per_pi_stopped","per_white_stopped","crimes_per_stop","stops_per_crime","ppl_per_crime","stops_per_p1crime"
"0",3,935,"9","930","NORTH CITY",3452,0.2,229,0.2,149,0.2,80,0.1,691,0.2,691,0.2,627,0.2,584,0.2,43,0.1,9513,58.2,0.3,28.7,7.4,5.4,691,6.8,5.8,19.7,4.8,0.4,0,0.6,61.9,0.4,2.7,1.1,4.2
"1",7,0,"0","0","SAN DIEGO",5,0,NA,NA,NA,NA,NA,NA,NA,NA,NA,NA,NA,NA,NA,NA,NA,NA,542,48.7,11.4,6.3,29.7,3.9,NA,NA,NA,NA,NA,NA,NA,NA,NA,NA,NA,NA,NA
"2",8,511,"5","510",NA,18803,1.3,1365,1,673,0.9,692,1.3,7881,2,7881,2,6840,2,6490,2.1,350,0.9,15907,34.5,13.4,6.3,42.5,3.2,7881,1.3,26.2,49.4,1.3,0.2,0.3,0.4,21.1,0.2,5,1.2,10.2
"3",9,722,"7","720","NESTOR",8774,0.6,893,0.7,481,0.6,412,0.8,2311,0.6,2311,0.6,2112,0.6,1871,0.6,241,0.6,14087,11.3,2.5,8.9,73.2,4.1,2311,2.3,10.5,66.9,0.5,0.3,0.2,1.7,17.5,0.4,2.4,1.1,4.4
"4",10,314,"3","310","BIRDLAND",6208,0.4,527,0.4,275,0.4,252,0.5,921,0.2,921,0.2,843,0.2,662,0.2,181,0.5,4027,46.4,6.5,7.7,30.6,8.8,921,6.9,20.4,27,3.7,1.2,0.3,0.8,39.6,0.6,1.6,1.1,3.1
"5",11,839,"8","830","CHEROKEE POINT",5229,0.4,540,0.4,332,0.4,208,0.4,1133,0.3,1133,0.3,967,0.3,774,0.3,193,0.5,5743,25.1,5.3,8.6,58.4,2.7,1133,3.3,28.4,48.4,1.2,0,0.3,0.6,17.8,0.6,1.8,1.2,2.9
"6",12,612,"6","610","LOMA PORTAL",5272,0.4,385,0.3,241,0.3,144,0.3,826,0.2,826,0.2,738,0.2,636,0.2,102,0.3,6038,71.3,2.5,6.3,13.9,5.9,826,3,13.3,17.4,1.1,0.8,0.4,0.8,63.1,0.5,1.9,1.1,3.1
"7",13,625,"6","620","OLD TOWN",8511,0.6,767,0.6,384,0.5,383,0.7,2594,0.7,2594,0.7,2165,0.6,1807,0.6,358,0.9,1255,63.9,9.1,5.1,18.7,3.2,2594,1.3,21.1,19.7,1.3,0.2,0.4,0.4,55.5,0.4,2.8,1.2,5.6
"8",14,714,"7","710","BORDER",4589,0.3,216,0.2,107,0.1,109,0.2,1618,0.4,1618,0.4,1470,0.4,1339,0.4,131,0.3,194,2.1,2.6,3.1,92.3,0,1618,1.1,5.4,68.4,1.7,0.2,0.2,0.1,22.9,0.1,6.8,1.1,13.7
"9",17,832,"8","830","TERALTA WEST",10189,0.7,740,0.6,394,0.5,346,0.6,3648,0.9,3648,0.9,3178,0.9,2750,0.9,428,1.1,5476,8.6,4.7,13.8,71,1.9,3648,8,30.5,40.6,2.1,0.4,0.1,0.6,17.7,0.2,4.3,1.1,8.1
"10",31,628,"6","620","MIDTOWN",6892,0.5,590,0.5,345,0.4,245,0.5,1058,0.3,1058,0.3,926,0.3,740,0.2,186,0.5,4830,67.8,5,5.9,17.1,4.3,1058,2.6,16.3,20.6,1.6,0.1,0.2,0.5,58.2,0.6,1.6,1.1,2.7
"11",32,121,"1","120","MISSION BEACH",14494,1,1470,1.1,930,1.2,540,1,8744,2.2,8744,2.2,6156,1.8,5776,1.9,380,1,324,79,1.2,2.5,12.3,4.9,8744,3.1,13.5,21.2,2.4,0.4,0.1,1,58.3,0.2,4.2,1.4,6.6
"12",35,624,"6","620","UNIVERSITY HEIGHTS",11862,0.8,1197,0.9,748,1,449,0.8,1953,0.5,1953,0.5,1667,0.5,1242,0.4,425,1.1,12772,57.9,5.1,6.5,25.3,5.3,1953,3.4,17.3,22.6,1.8,0.5,0.2,0.9,53.4,0.7,1.4,1.2,2.2
"13",39,123,"1","120","MISSION BAY",11481,0.8,923,0.7,544,0.7,379,0.7,4779,1.2,4779,1.2,3666,1.1,3430,1.1,236,0.6,3342,77.9,1.4,2.7,13,4.9,4779,2.7,12.4,23,3,0.2,0.1,0.9,57.7,0.3,4,1.3,6.7
"14",40,444,"4","440","MT HOPE",6037,0.4,573,0.4,331,0.4,242,0.5,1816,0.5,1816,0.5,1541,0.4,1395,0.5,146,0.4,6013,10.5,7.7,2.4,77.6,1.8,1816,3.3,26.9,56.8,0.7,0.2,0.4,0.9,10.8,0.4,2.7,1.2,4.7
"15",41,824,"8","820","TALMADGE",10307,0.7,1077,0.8,670,0.9,407,0.8,2632,0.7,2632,0.7,2352,0.7,1933,0.6,419,1.1,8387,42.8,9.2,12.4,32.7,2.9,2632,12.1,27.6,31.6,2.6,0.2,0.1,0.7,25.2,0.5,2.2,1.1,3.5
"16",42,114,"1","110","NORTH CLAIREMONT",11079,0.8,955,0.7,496,0.6,459,0.9,3534,0.9,3534,0.9,3274,1,2909,1,365,0.9,16373,54,2.1,13.3,26.4,4.2,3534,6.4,9.6,26.5,3.5,0.3,0.1,0.8,52.7,0.3,3.4,1.1,6.6
"17",43,838,"8","830","CORRIDOR",9738,0.7,879,0.7,480,0.6,399,0.7,2391,0.6,2391,0.6,2147,0.6,1748,0.6,399,1,7518,18.4,17,11.5,50.2,3,2391,5.2,27.6,45.1,1.3,0.5,0.1,0.5,19.8,0.4,2.4,1.1,4.5
"18",44,112,"1","110","CLAIREMONT MESA WEST",5517,0.4,455,0.3,245,0.3,210,0.4,1542,0.4,1542,0.4,1439,0.4,1304,0.4,135,0.3,12344,66.7,2.3,10.1,17,3.9,1542,5.3,7.8,22.4,3.6,0.4,0.1,0.8,59.7,0.3,3.2,1.1,5.9
"19",45,529,"5","520","PARK WEST",15618,1.1,1465,1.1,927,1.2,538,1,2786,0.7,2786,0.7,2480,0.7,2037,0.7,443,1.1,8583,70.6,3.6,7.1,15.4,3.4,2786,3.1,24.4,18.8,2.4,0.4,0.3,0.8,49.7,0.6,1.7,1.1,2.7
"20",46,621,"6","620","LINDA VISTA",13814,1,1436,1.1,755,1,681,1.3,5096,1.3,5096,1.3,4387,1.3,3907,1.3,480,1.2,27268,28.5,5.8,22.3,39.1,4.2,5096,8.4,13.8,39.3,2.8,0.4,0.1,0.7,34.5,0.3,3.1,1.2,5.8
"21",48,311,"3","310","SERRA MESA",21189,1.5,1802,1.4,1114,1.4,688,1.3,4265,1.1,4265,1.1,3914,1.1,3347,1.1,567,1.5,26514,49.6,7.2,17.7,18.6,6.8,4265,5.2,17.3,22.1,5.5,0.4,0.2,1.4,48,0.5,2.2,1.1,3.5
"22",50,825,"8","820","KENSINGTON",5360,0.4,497,0.4,325,0.4,172,0.3,1169,0.3,1169,0.3,1092,0.3,907,0.3,185,0.5,6362,61,7.6,5.9,19.6,5.8,1169,6.6,22.4,32.3,2.1,0.6,0.2,0.3,35.6,0.5,2.2,1.1,3.4
"23",51,246,"2","240","MIRAMAR RANCH NORTH",3493,0.2,300,0.2,191,0.2,109,0.2,344,0.1,344,0.1,315,0.1,243,0.1,72,0.2,15614,46.1,2.1,33.8,12.3,5.7,344,16,6.1,14.2,8.1,0.6,0.3,2,52.6,1,1,1.1,1.6
"24",59,9,"0","0","SAN DIEGO",1,0,2,0,1,0,1,0,NA,NA,NA,NA,NA,NA,NA,NA,NA,NA,281,13.5,5.3,21.7,48,11.4,NA,NA,NA,NA,NA,NA,NA,NA,NA,NA,NA,NA,NA
"25",60,439,"4","430","ALTA VISTA",951,0.1,55,0,34,0,21,0,130,0,130,0,124,0,99,0,25,0.1,2439,7.5,12.9,53.4,20.7,5.5,130,19.2,28.5,26.2,2.3,1.5,0,0.8,21.5,0.4,2.3,1,3.6
"26",63,614,"6","610","OCEAN BEACH",28826,2,2047,1.6,974,1.3,1073,2,10569,2.7,10569,2.7,8238,2.4,7283,2.4,955,2.5,10937,79.2,2.4,2.9,12.6,3,10569,1.4,8.3,13.7,0.9,0.3,0.3,0.5,74.7,0.2,4,1.3,8.5
"27",64,526,"5","520","CORTEZ",9410,0.7,797,0.6,482,0.6,315,0.6,1724,0.4,1724,0.4,1497,0.4,1281,0.4,216,0.6,530,61.9,4.2,8.1,23.6,2.3,1724,1.9,27.7,18.6,2.5,0.1,0.3,1.1,47.8,0.5,1.9,1.2,3.1
"28",66,443,"4","440","SHELLTOWN",3277,0.2,275,0.2,151,0.2,124,0.2,1099,0.3,1099,0.3,911,0.3,846,0.3,65,0.2,3833,2,3.2,4,90.8,0,1099,1.5,22.3,67.6,0.6,0.4,0.1,0.5,7,0.3,3.3,1.2,6
"29",67,931,"9","930","SORRENTO VALLEY",12950,0.9,719,0.5,493,0.6,226,0.4,4407,1.1,4407,1.1,4171,1.2,4061,1.3,110,0.3,9129,38.1,1.4,47.3,7.8,5.5,4407,17.6,9.1,24.1,7.6,0.6,0.1,0.9,40,0.2,5.8,1.1,8.5
"30",69,828,"8","820","FOX CANYON",2861,0.2,193,0.1,113,0.1,80,0.1,519,0.1,519,0.1,452,0.1,352,0.1,100,0.3,2533,10.8,22.5,10.7,54,2,519,14.6,32,38,1.7,0.4,0.6,0.8,11.9,0.4,2.3,1.1,4
"31",70,452,"4","430","O'FARRELL",4840,0.3,337,0.3,144,0.2,193,0.4,882,0.2,882,0.2,777,0.2,658,0.2,119,0.3,6857,8.9,17.9,34.9,33.1,5.1,882,8.6,43.1,31.6,1.1,0.6,0,2.2,12.8,0.4,2.3,1.1,5.4
"32",77,523,"5","520","GASLAMP",18450,1.3,1190,0.9,675,0.9,515,1,7299,1.8,7299,1.8,6663,1.9,6211,2,452,1.2,928,59.5,9.1,8.2,19.6,3.7,7299,3.2,24.3,22.9,4.7,0.4,0.1,0.8,43.4,0.2,5.6,1.1,9.9
"33",83,517,"5","510","GOLDEN HILL",9479,0.7,1190,0.9,743,1,447,0.8,1830,0.5,1830,0.5,1652,0.5,1407,0.5,245,0.6,7960,38.8,7,5.4,44.3,4.5,1830,1.6,17.8,36,1.4,0,0.3,0.7,42.3,0.7,1.4,1.1,2.2
"34",87,115,"1","110","UNIVERSITY CITY",25658,1.8,3679,2.8,2614,3.4,1065,2,4463,1.1,4463,1.1,4104,1.2,3493,1.1,611,1.6,49954,48.7,1.7,33,11.7,4.9,4463,11.3,9.6,17.5,8,0.3,0,0.5,52.7,0.9,1.1,1.1,1.6
"35",91,531,"5","530","BALBOA PARK",10228,0.7,799,0.6,335,0.4,464,0.9,4868,1.2,4868,1.2,3868,1.1,3616,1.2,252,0.6,4256,59.9,5.3,7.8,24.3,2.7,4868,1.2,27.5,22.7,1,0.2,0.5,0.6,46.2,0.2,4.8,1.3,11.5
"36",112,316,"3","310","QUALCOMM",876,0.1,36,0,19,0,17,0,451,0.1,451,0.1,414,0.1,399,0.1,15,0,1163,59.4,4.9,8.8,23.3,3.6,451,4.9,15.3,20.8,3.8,1.1,0,1.3,52.8,0.1,11.5,1.1,21.8
"37",125,723,"7","720","OTAY MESA WEST",21551,1.5,1655,1.3,885,1.1,770,1.4,6428,1.6,6428,1.6,5916,1.7,5377,1.8,539,1.4,32703,8.8,3.2,10,74.4,3.5,6428,3.6,7.4,67.9,0.7,0.3,0.1,0.9,19.1,0.3,3.6,1.1,6.7
"38",129,436,"4","430","SKYLINE",6140,0.4,487,0.4,204,0.3,283,0.5,2076,0.5,2076,0.5,1819,0.5,1628,0.5,191,0.5,8086,9.2,27.7,16.7,41.6,4.8,2076,7.3,47.3,30.9,0.8,0.3,0.2,1.6,11.5,0.3,3.7,1.1,8.9
"39",138,231,"2","230","SABRE SPRINGS",4087,0.3,331,0.3,216,0.3,115,0.2,1346,0.3,1346,0.3,1265,0.4,1181,0.4,84,0.2,9595,51.7,1.6,32.6,9.5,4.7,1346,12.1,7,15.8,10,0,0,2,53.1,0.3,3.8,1.1,5.9
"40",139,245,"2","240","RANCHO ENCANTADA",876,0.1,81,0.1,38,0,43,0.1,102,0,102,0,92,0,79,0,13,0,1198,61,5.1,17.8,13.2,2.9,102,11.8,17.6,20.6,3.9,0,0,2,44.1,0.9,1.1,1.1,2.4
"41",140,9,"0","0","SAN DIEGO",1,0,2,0,1,0,1,0,NA,NA,NA,NA,NA,NA,NA,NA,NA,NA,281,13.5,5.3,21.7,48,11.4,NA,NA,NA,NA,NA,NA,NA,NA,NA,NA,NA,NA,NA
"42",155,113,"1","110","BAY HO",7159,0.5,678,0.5,386,0.5,292,0.5,1514,0.4,1514,0.4,1407,0.4,1183,0.4,224,0.6,12721,64.5,0,6.2,24.4,4.9,1514,5.3,6.6,19.7,2.7,0.4,0,0.3,65.1,0.5,2.1,1.1,3.6
"43",161,111,"1","110","CLAIREMONT MESA EAST",16754,1.2,1928,1.5,1158,1.5,770,1.4,4467,1.1,4467,1.1,4176,1.2,3581,1.2,595,1.5,27069,48.8,5.7,19.2,22.3,4,4467,6.2,13.5,26.1,4.5,0.4,0.1,0.9,48.2,0.5,2.2,1.1,3.6
"44",164,827,"8","820","CHOLLAS CREEK",5263,0.4,488,0.4,253,0.3,235,0.4,1140,0.3,1140,0.3,1006,0.3,747,0.2,259,0.7,5778,10.7,21.2,26.5,41.1,0.5,1140,15.2,32.5,35.1,2.2,0.5,0,0.7,13.8,0.5,2.1,1.1,4
"45",165,618,"6","610","SUNSET CLIFFS",3513,0.2,192,0.1,124,0.2,68,0.1,929,0.2,929,0.2,723,0.2,675,0.2,48,0.1,2483,75.6,1.3,4.4,14.4,4.3,929,3.1,10.5,26.5,2.2,0.2,0.2,0.6,56.6,0.3,3.8,1.3,5.8
"46",167,433,"4","430","ENCANTO",6155,0.4,528,0.4,240,0.3,288,0.5,1324,0.3,1324,0.3,1199,0.3,1017,0.3,182,0.5,9779,13.6,18.2,4.6,60.7,2.9,1324,3.6,37.5,42.9,1.2,0.3,0.2,1.1,13.1,0.4,2.3,1.1,5
"47",174,525,"5","520","HORTON PLAZA",5101,0.4,316,0.2,169,0.2,147,0.3,924,0.2,924,0.2,809,0.2,730,0.2,79,0.2,1194,53.9,10.2,7.7,23.9,4.4,924,2.6,30.3,17.2,2.6,0.2,0,0.9,46.2,0.4,2.6,1.1,4.8
"48",176,123,"1","120","MISSION BAY",11481,0.8,923,0.7,544,0.7,379,0.7,4779,1.2,4779,1.2,3666,1.1,3430,1.1,236,0.6,3342,77.9,1.4,2.7,13,4.9,4779,2.7,12.4,23,3,0.2,0.1,0.9,57.7,0.3,4,1.3,6.7
"49",178,616,"6","610","LA PLAYA",1575,0.1,166,0.1,132,0.2,34,0.1,NA,NA,NA,NA,NA,NA,NA,NA,NA,NA,2438,85.6,2.8,0.8,7.8,2.9,NA,NA,NA,NA,NA,NA,NA,NA,NA,NA,NA,NA,NA
"50",180,315,"3","310","MISSION VALLEY EAST",25030,1.8,3585,2.7,2553,3.3,1032,1.9,8205,2.1,8205,2.1,7334,2.1,6425,2.1,909,2.3,12476,58,5.1,8.7,23.1,5.1,8205,4.2,14.8,20.1,4.9,0.4,0.2,0.8,54.6,0.5,2,1.1,2.9
"51",182,829,"8","820","ISLENAIR",248,0,22,0,17,0,5,0,30,0,30,0,27,0,21,0,6,0,790,10.9,22.5,10.8,53.9,1.9,30,13.3,16.7,40,3.3,0,0,0,26.7,0.8,1.2,1.1,1.6
"52",183,445,"4","440","CHOLLAS VIEW",6337,0.4,465,0.4,244,0.3,221,0.4,1283,0.3,1283,0.3,1124,0.3,1006,0.3,118,0.3,4783,3.8,11.7,13,68.8,2.6,1283,7.9,30.5,46.8,1.6,0.5,0,1.5,11.3,0.4,2.4,1.1,4.6
"53",186,518,"5","510","SOUTH PARK",3717,0.3,410,0.3,272,0.4,138,0.3,604,0.2,604,0.2,562,0.2,472,0.2,90,0.2,5529,62.2,3.1,3.4,26.9,4.5,604,1.7,12.4,39.6,2.8,0.8,0.2,0.7,41.9,0.7,1.4,1.1,2.1
"54",197,512,"5","510","LOGAN HEIGHTS",31061,2.2,1957,1.5,888,1.1,1069,2,9651,2.4,9651,2.4,7946,2.3,7445,2.4,501,1.3,14649,6.1,5.1,1.1,86.9,0.9,9651,0.7,24.9,53.9,0.7,0.2,0.3,0.3,18.9,0.2,4.1,1.2,8.9
"55",207,626,"6","620","MISSION HILLS",5835,0.4,722,0.6,418,0.5,304,0.6,868,0.2,868,0.2,779,0.2,608,0.2,171,0.4,5815,76.7,1.2,4.9,13.4,3.8,868,1.8,15.1,19.8,2.3,0.1,0.2,0.5,60.1,0.9,1.1,1.1,1.9
"56",208,123,"1","120","MISSION BAY",11481,0.8,923,0.7,544,0.7,379,0.7,4779,1.2,4779,1.2,3666,1.1,3430,1.1,236,0.6,3342,77.9,1.4,2.7,13,4.9,4779,2.7,12.4,23,3,0.2,0.1,0.9,57.7,0.3,4,1.3,6.7
"57",209,826,"8","820","COLINA DEL SOL",14658,1,1329,1,653,0.8,676,1.3,5050,1.3,5050,1.3,4301,1.2,3680,1.2,621,1.6,10797,9.9,16.2,19.1,53.2,1.5,5050,12.6,38.1,33.8,1.9,0.4,0.1,0.8,12.4,0.3,3.2,1.2,6.6
"58",210,431,"4","430","EMERALD HILLS",3885,0.3,343,0.3,196,0.3,147,0.3,1560,0.4,1560,0.4,1342,0.4,1248,0.4,94,0.2,4357,8.6,35.7,5.7,45.1,4.9,1560,5.1,44.4,34.4,1.4,0.6,0.2,0.3,13.6,0.3,3.9,1.2,6.8
"59",211,446,"4","440","LINCOLN PARK",16441,1.2,1206,0.9,601,0.8,605,1.1,5359,1.3,5359,1.3,4560,1.3,4319,1.4,241,0.6,10390,5.6,21.5,10.1,60.4,2.4,5359,2.7,53.4,35.3,0.7,0.5,0.1,0.5,6.7,0.3,3.8,1.2,7.6
"60",224,122,"1","120","PACIFIC BEACH",60700,4.3,5590,4.3,3509,4.5,2081,3.9,24592,6.2,24592,6.2,20634,6,18661,6.1,1973,5.1,41238,73.9,1.4,4,16.4,4.4,24592,2.7,8.8,15.9,3.2,0.3,0.1,0.7,68.4,0.3,3.7,1.2,5.9
"61",227,613,"6","610","POINT LOMA HEIGHTS",16091,1.1,1883,1.4,1197,1.5,686,1.3,2956,0.7,2956,0.7,2707,0.8,2240,0.7,467,1.2,19542,73.4,3.5,5.1,12.8,5.2,2956,2.1,10.3,15.1,1.8,0.4,0.2,0.3,69.8,0.7,1.4,1.1,2.3
"62",254,9,"0","0","SAN DIEGO",1,0,2,0,1,0,1,0,NA,NA,NA,NA,NA,NA,NA,NA,NA,NA,281,13.5,5.3,21.7,48,11.4,NA,NA,NA,NA,NA,NA,NA,NA,NA,NA,NA,NA,NA
"63",269,811,"8","810","NORMAL HEIGHTS",8629,0.6,890,0.7,534,0.7,356,0.7,1765,0.4,1765,0.4,1636,0.5,1285,0.4,351,0.9,9810,43.5,10.9,4.5,37.2,3.9,1765,3.9,23.1,33.8,2.8,0.3,0.2,0.3,35.6,0.5,1.8,1.1,3.1
"64",276,232,"2","230","CARMEL MOUNTAIN",7078,0.5,790,0.6,591,0.8,199,0.4,1756,0.4,1756,0.4,1692,0.5,1556,0.5,136,0.3,11531,49,1.8,35.5,10.9,2.8,1756,11,7.1,17.5,9.9,0.2,0.1,1.1,53.1,0.5,2.1,1,2.9
"65",284,831,"8","830","TERALTA EAST",10690,0.8,830,0.6,410,0.5,420,0.8,3872,1,3872,1,3371,1,2967,1,404,1,7297,9.3,5.1,13.6,71.1,0.8,3872,11.1,30.3,39.8,2.5,0.4,0.3,1.1,14.5,0.2,4.1,1.1,8.2
"66",302,437,"4","430","BAY TERRACES",15534,1.1,1364,1,752,1,612,1.1,2867,0.7,2867,0.7,2591,0.8,2231,0.7,360,0.9,31869,9.9,15.9,39.1,29.9,5.2,2867,11.4,34.8,33.9,1.7,0.6,0.3,2.7,14.6,0.5,1.9,1.1,3.4
"67",313,837,"8","830","FAIRMOUNT PARK",4086,0.3,332,0.3,233,0.3,99,0.2,668,0.2,668,0.2,599,0.2,498,0.2,101,0.3,4387,25.6,14.4,10.1,47.3,2.6,668,6.6,23.2,42.7,1.6,0.1,0.1,0.3,25.3,0.6,1.8,1.1,2.6
"68",318,516,"5","510","STOCKTON",5028,0.4,381,0.3,204,0.3,177,0.3,1562,0.4,1562,0.4,1410,0.4,1238,0.4,172,0.4,5172,17.2,6.8,4.4,68.9,2.6,1562,1.1,21.1,59.1,1.9,0.3,0.5,1,15,0.3,3.7,1.1,6.9
"69",320,813,"8","810","NORTH PARK",40797,2.9,4199,3.2,2606,3.4,1593,3,9582,2.4,9582,2.4,8396,2.4,6401,2.1,1995,5.1,39865,54.7,6.8,5,28.9,4.5,9582,2.3,21.3,27.6,1.8,0.4,0.2,0.6,45.9,0.5,2,1.1,3.2
"70",325,724,"7","720","PALM CITY",6124,0.4,454,0.3,242,0.3,212,0.4,2271,0.6,2271,0.6,2027,0.6,1848,0.6,179,0.5,6423,11.6,3.6,9.5,74.1,1.3,2271,1.6,10.1,63.9,0.5,0.1,0.1,1,22.6,0.2,4.5,1.1,8.4
"71",330,515,"5","510","GRANT HILL",5479,0.4,439,0.3,192,0.2,247,0.5,1342,0.3,1342,0.3,1217,0.4,1068,0.3,149,0.4,4592,12.1,4.6,2.1,79,2.2,1342,1.9,19.8,56.3,1.4,0.2,0.1,0.7,19.7,0.4,2.8,1.1,6.3
"72",342,447,"4","440","RIDGEVIEW/WEBSTER",7121,0.5,629,0.5,350,0.5,279,0.5,1700,0.4,1700,0.4,1431,0.4,1289,0.4,142,0.4,5621,18.3,28.5,11.1,40,2.2,1700,5.5,38.1,37.1,1.5,0.2,0.1,0.7,16.7,0.4,2.3,1.2,4.1
"73",346,617,"6","610","WOODED AREA",1321,0.1,122,0.1,79,0.1,43,0.1,282,0.1,282,0.1,226,0.1,181,0.1,45,0.1,3803,75.7,3.4,3.7,13.6,3.6,282,3.2,9.6,24.1,1.4,0.7,0,1.8,59.2,0.5,1.9,1.2,2.9
"74",357,814,"8","810","ADAMS NORTH",3031,0.2,352,0.3,240,0.3,112,0.2,527,0.1,527,0.1,480,0.1,333,0.1,147,0.4,5015,56.3,7.9,5.4,27,3.3,527,2.8,22.8,26.9,1.9,0.4,0.4,0.2,44.6,0.7,1.4,1.1,2
"75",359,712,"7","710","SAN YSIDRO",26929,1.9,3242,2.5,2191,2.8,1051,2,9851,2.5,9851,2.5,8868,2.6,8325,2.7,543,1.4,26061,2.7,0.9,1.6,94.3,0.4,9851,1.4,6.4,76.5,1.1,0.1,0.1,0.4,14,0.4,2.7,1.1,4
"76",360,627,"6","620","HILLCREST",37542,2.6,3317,2.5,1943,2.5,1374,2.6,8490,2.1,8490,2.1,7463,2.2,5992,2,1471,3.8,15226,66.3,4,6.7,19.4,3.6,8490,2.4,17.4,21.6,1.7,0.2,0.2,0.5,56,0.4,2.2,1.1,3.8
"77",361,623,"6","620","MISSION VALLEY WEST",13408,0.9,2159,1.6,1547,2,612,1.1,3405,0.9,3405,0.9,2912,0.8,2428,0.8,484,1.2,2574,62.1,5.6,5.2,23,4.1,3405,2.7,21,23.3,3,0.8,0.2,0.6,48.4,0.7,1.3,1.2,1.9
"78",362,514,"5","510","SHERMAN HEIGHTS",9674,0.7,467,0.4,222,0.3,245,0.5,3339,0.8,3339,0.8,2754,0.8,2560,0.8,194,0.5,2919,21.7,4.8,1.7,68.1,3.7,3339,1.1,27.1,39.1,1.3,0.1,0.4,0.3,30.5,0.2,5.9,1.2,12.4
"79",372,434,"4","430","JAMACHA LOMITA",5135,0.4,489,0.4,244,0.3,245,0.5,1113,0.3,1113,0.3,1009,0.3,872,0.3,137,0.4,11275,11.9,18.3,13.6,51,5.2,1113,3.9,34.5,41.2,1.9,0.3,0.5,1.1,16.7,0.5,2.1,1.1,4.1
"80",378,322,"3","320","ALLIED GARDENS",6154,0.4,693,0.5,441,0.6,252,0.5,1308,0.3,1308,0.3,1218,0.4,1012,0.3,206,0.5,11321,64.5,3.7,6.8,20.9,4.2,1308,3.5,10.7,20,5,0.2,0.8,1.5,58.3,0.6,1.8,1.1,2.8
"81",380,812,"8","810","BURLINGAME",377,0,58,0,39,0.1,19,0,67,0,67,0,62,0,44,0,18,0,1030,68.1,3.5,5.9,20.7,1.8,67,4.5,20.9,22.4,1.5,0,0,1.5,49.3,0.9,1.1,1.1,1.6
"82",382,836,"8","830","SWAN CANYON",3943,0.3,352,0.3,187,0.2,165,0.3,859,0.2,859,0.2,744,0.2,606,0.2,138,0.4,4428,11.6,8.3,16.5,63.1,0.5,859,11.6,22.1,48.7,1.4,1.3,0.1,0.2,14.6,0.5,2.1,1.2,4
"83",383,441,"4","440","MOUNTAIN VIEW",18716,1.3,1823,1.4,984,1.3,839,1.6,6413,1.6,6413,1.6,5431,1.6,5104,1.7,327,0.8,16675,5.2,10.7,2.7,79.4,2,6413,1.5,34,55.1,0.7,0.2,0,0.3,8,0.3,3,1.2,5.5
"84",389,435,"4","430","BROADWAY HEIGHTS",388,0,37,0,22,0,15,0,263,0.1,263,0.1,256,0.1,245,0.1,11,0,395,22.5,17,5.3,52.2,3,263,11.4,26.2,41.4,0,0.8,0.4,1.1,18.6,0.1,6.9,1,11.6
"85",390,622,"6","620","MORENA",14064,1,1036,0.8,627,0.8,409,0.8,2323,0.6,2323,0.6,2036,0.6,1711,0.6,325,0.8,9736,61.8,3.3,7.7,23.1,4.1,2323,2.3,14.6,18.1,1.8,0.3,0.2,0.4,62.4,0.5,2,1.1,3.2
"86",399,116,"1","110","BAY PARK",12304,0.9,1263,1,798,1,465,0.9,3624,0.9,3624,0.9,3372,1,2988,1,384,1,17681,71.1,2.1,4.8,17.7,4.3,3624,4.5,7.5,19.9,2.5,0.3,0.4,0.9,64.1,0.4,2.7,1.1,4.2
"87",402,524,"5","520","CORE-COLUMBIA",38861,2.7,2712,2.1,1410,1.8,1302,2.4,10192,2.6,10192,2.6,8616,2.5,7928,2.6,688,1.8,6082,56.3,10.1,8.3,21.3,4.1,10192,2.5,29.3,19,2.1,0.3,0.2,0.6,46,0.3,3.2,1.2,6.1
"88",418,932,"9","930","TORREY PRESERVE",2059,0.1,78,0.1,55,0.1,23,0,481,0.1,481,0.1,398,0.1,393,0.1,5,0,1320,61.7,1.3,22.3,10.5,4.2,481,8.9,8.3,23.1,5.2,0.4,0.4,0.4,53.2,0.2,5.1,1.2,7.2
"89",424,835,"8","830","AZALEA/HOLLYWOOD PARK",3579,0.3,341,0.3,186,0.2,155,0.3,1108,0.3,1108,0.3,939,0.3,819,0.3,120,0.3,3081,27.4,10.8,10.1,49.1,2.7,1108,7.8,23.3,52,0.7,0.5,0,0.2,15.6,0.4,2.8,1.2,5
"90",425,841,"8","820","ROLANDO PARK",4292,0.3,399,0.3,227,0.3,172,0.3,715,0.2,715,0.2,595,0.2,429,0.1,166,0.4,4009,33.7,9.5,11.5,41.6,3.6,715,3.2,32.4,31.6,1.4,1,0.3,0.7,29.4,0.7,1.5,1.2,2.6
"91",427,436,"4","430","SKYLINE",6140,0.4,487,0.4,204,0.3,283,0.5,2076,0.5,2076,0.5,1819,0.5,1628,0.5,191,0.5,8086,9.2,27.7,16.7,41.6,4.8,2076,7.3,47.3,30.9,0.8,0.3,0.2,1.6,11.5,0.3,3.7,1.1,8.9
"92",428,521,"5","520","EAST VILLAGE",70277,4.9,5420,4.1,2446,3.2,2974,5.6,29982,7.5,29982,7.5,23504,6.8,22249,7.3,1255,3.2,9050,48.5,12.9,9,24.6,5,29982,1.6,31.5,24.1,1.6,0.3,0.4,0.6,39.9,0.2,4.3,1.3,9.6
"93",434,321,"3","320","GRANTVILLE",13788,1,1893,1.4,1236,1.6,657,1.2,3922,1,3922,1,3462,1,2830,0.9,632,1.6,10015,48.8,9.7,12.3,23.1,6.2,3922,4.1,19.4,19.8,4.4,0.4,0.2,1,50.8,0.5,1.8,1.1,2.8
"94",436,833,"8","830","FAIRMOUNT VILLAGE",5922,0.4,691,0.5,367,0.5,324,0.6,1848,0.5,1848,0.5,1622,0.5,1365,0.4,257,0.7,5587,6.4,1.7,23.9,64,3.9,1848,10.6,25.4,45.8,1,0.5,0.2,0.7,15.9,0.4,2.3,1.1,4.4
"95",442,541,"5","520","PETCO PARK",8071,0.6,855,0.7,333,0.4,522,1,2270,0.6,2270,0.6,1902,0.6,1733,0.6,169,0.4,858,52.8,10.6,8.4,24.6,3.6,2270,1.7,26.2,29,0.7,0.1,0.2,0.7,41.3,0.4,2.2,1.2,5.7
"96",445,326,"3","320","COLLEGE WEST",8446,0.6,710,0.5,448,0.6,262,0.5,1825,0.5,1825,0.5,1710,0.5,1447,0.5,263,0.7,11010,59.2,6,10.3,18.3,6.2,1825,7.3,22.6,23.5,3.7,0.3,0.2,1.3,41,0.4,2.4,1.1,3.8
"97",447,432,"4","430","VALENCIA PARK",9832,0.7,846,0.6,402,0.5,444,0.8,2083,0.5,2083,0.5,1852,0.5,1604,0.5,248,0.6,11142,5.3,22.1,13.5,56.3,2.9,2083,3.5,47.5,37,1.3,0.5,0.1,0.7,9.4,0.5,2.2,1.1,4.6
"98",448,442,"4","440","SOUTHCREST",6874,0.5,568,0.4,280,0.4,288,0.5,2431,0.6,2431,0.6,2048,0.6,1928,0.6,120,0.3,5399,2.8,6.7,1.8,86.3,2.4,2431,1.3,25.7,64.9,0.3,0.1,0.2,0.5,7,0.3,3.6,1.2,7.3
"99",449,123,"1","120","MISSION BAY",11481,0.8,923,0.7,544,0.7,379,0.7,4779,1.2,4779,1.2,3666,1.1,3430,1.1,236,0.6,3342,77.9,1.4,2.7,13,4.9,4779,2.7,12.4,23,3,0.2,0.1,0.9,57.7,0.3,4,1.3,6.7
"100",451,438,"4","430","PARADISE HILLS",7230,0.5,628,0.5,315,0.4,313,0.6,1476,0.4,1476,0.4,1357,0.4,1188,0.4,169,0.4,16925,14.9,8.4,19.5,52.3,4.9,1476,10.2,19.4,50.6,0.9,0.3,0.3,2,16.3,0.5,2.2,1.1,4.3
"101",452,615,"6","610","ROSEVILLE / FLEET RIDGE",6819,0.5,645,0.5,399,0.5,246,0.5,1430,0.4,1430,0.4,1282,0.4,1089,0.4,193,0.5,4717,71.4,4.9,5.5,13,5.1,1430,1.8,12.2,15.8,1.3,0.3,0.3,0.9,67.3,0.5,2,1.1,3.2
"102",453,822,"8","820","EL CERRITO",9424,0.7,811,0.6,482,0.6,329,0.6,2269,0.6,2269,0.6,1981,0.6,1671,0.5,310,0.8,7032,30.6,20,14.4,28.9,6.2,2269,7.7,38.4,26.2,3,0.8,0.2,0.4,23.2,0.4,2.4,1.1,4.1
"103",454,451,"4","430","OAK PARK",12630,0.9,1359,1,838,1.1,521,1,2875,0.7,2875,0.7,2576,0.7,2264,0.7,312,0.8,15695,17.7,19.7,23.5,34.2,4.9,2875,8,34.8,34.4,1.5,0.2,0.1,0.6,20.3,0.5,1.9,1.1,3.1
"104",455,823,"8","820","REDWOOD VILLAGE",4468,0.3,443,0.3,294,0.4,149,0.3,1005,0.3,1005,0.3,887,0.3,714,0.2,173,0.4,4021,25.8,8.2,21.6,41.2,3.2,1005,8.4,32.5,32.2,3,0.1,0.1,1,22.7,0.5,2,1.1,3
"105",456,834,"8","830","CASTLE",13645,1,1074,0.8,550,0.7,524,1,2731,0.7,2731,0.7,2393,0.7,1970,0.6,423,1.1,9416,8.5,11.3,13.4,65.7,1,2731,8.7,23.6,48.9,1.2,0.3,0.1,0.4,17,0.4,2.2,1.1,4.4
"106",460,528,"5","520","LITTLE ITALY",9935,0.7,911,0.7,563,0.7,348,0.7,1707,0.4,1707,0.4,1478,0.4,1293,0.4,185,0.5,1852,69,2.8,6.3,19.7,2.3,1707,2.4,20.2,18,2.8,0.4,0.2,0.6,55.4,0.6,1.6,1.2,2.6
"107",472,713,"7","710","OTAY MESA",9672,0.7,798,0.6,614,0.8,184,0.3,2179,0.5,2179,0.5,2045,0.6,1930,0.6,115,0.3,7021,14.3,8.9,16.3,59,1.6,2179,2.8,4.5,59.9,1.4,0.2,0,0.8,30.4,0.4,2.6,1.1,3.3
"108",473,725,"7","720","OCEAN CREST",7573,0.5,984,0.8,696,0.9,288,0.5,1306,0.3,1306,0.3,1191,0.3,1017,0.3,174,0.4,4999,17.6,10.8,19.1,50.4,2.1,1306,4.8,10.4,57.8,1.8,0.6,0.1,1.8,22.7,0.8,1.2,1.1,1.7
"109",493,324,"3","320","LAKE MURRAY",7591,0.5,780,0.6,463,0.6,317,0.6,1387,0.3,1387,0.3,1239,0.4,967,0.3,272,0.7,22792,68.6,3.3,7.1,17.5,3.5,1387,2.8,14.2,19,3.4,0.4,0,0.5,59.6,0.6,1.6,1.1,2.7
"110",496,821,"8","820","ROLANDO",15119,1.1,1487,1.1,885,1.1,602,1.1,4777,1.2,4777,1.2,4375,1.3,3741,1.2,634,1.6,10047,42.2,11.8,10.1,28.5,7.3,4777,4.3,30.7,22.2,3.4,0.7,0.1,0.5,38.1,0.3,2.9,1.1,4.9
"111",497,325,"3","320","SAN CARLOS",5160,0.4,572,0.4,336,0.4,236,0.4,668,0.2,668,0.2,618,0.2,462,0.2,156,0.4,11951,69.1,3.6,7.7,15.4,4.2,668,4,14.5,19.3,4.8,0.7,0.1,0.4,56,0.9,1.1,1.1,1.8
"112",499,327,"3","320","COLLEGE EAST",9409,0.7,923,0.7,541,0.7,382,0.7,1831,0.5,1831,0.5,1651,0.5,1326,0.4,325,0.8,11880,57.8,9.3,11.2,18,3.7,1831,3.7,29.4,20.8,4.1,0.7,0.2,1,40.1,0.6,1.8,1.1,3.1
"113",500,323,"3","320","DEL CERRO",4788,0.3,539,0.4,335,0.4,204,0.4,1515,0.4,1515,0.4,1222,0.4,1037,0.3,185,0.5,7637,69.9,4.3,5.8,16.3,3.7,1515,3,26.1,21.8,3.8,0.3,0.1,1.1,43.6,0.4,2.3,1.2,3.6
"114",513,711,"7","710","TIJUANA RIVER VALLEY",256,0,31,0,18,0,13,0,196,0,196,0,181,0.1,176,0.1,5,0,8205,5.9,3,4.8,84.9,1.4,196,2.6,7.7,64.3,1,0,0,0,24.5,0.2,5.8,1.1,10.1
"115",514,711,"7","710","TIJUANA RIVER VALLEY",256,0,31,0,18,0,13,0,196,0,196,0,181,0.1,176,0.1,5,0,8205,5.9,3,4.8,84.9,1.4,196,2.6,7.7,64.3,1,0,0,0,24.5,0.2,5.8,1.1,10.1
"116",515,711,"7","710","TIJUANA RIVER VALLEY",256,0,31,0,18,0,13,0,196,0,196,0,181,0.1,176,0.1,5,0,8205,5.9,3,4.8,84.9,1.4,196,2.6,7.7,64.3,1,0,0,0,24.5,0.2,5.8,1.1,10.1
"117",516,711,"7","710","TIJUANA RIVER VALLEY",256,0,31,0,18,0,13,0,196,0,196,0,181,0.1,176,0.1,5,0,8205,5.9,3,4.8,84.9,1.4,196,2.6,7.7,64.3,1,0,0,0,24.5,0.2,5.8,1.1,10.1
"118",517,711,"7","710","TIJUANA RIVER VALLEY",256,0,31,0,18,0,13,0,196,0,196,0,181,0.1,176,0.1,5,0,8205,5.9,3,4.8,84.9,1.4,196,2.6,7.7,64.3,1,0,0,0,24.5,0.2,5.8,1.1,10.1
"119",518,711,"7","710","TIJUANA RIVER VALLEY",256,0,31,0,18,0,13,0,196,0,196,0,181,0.1,176,0.1,5,0,8205,5.9,3,4.8,84.9,1.4,196,2.6,7.7,64.3,1,0,0,0,24.5,0.2,5.8,1.1,10.1
"120",519,711,"7","710","TIJUANA RIVER VALLEY",256,0,31,0,18,0,13,0,196,0,196,0,181,0.1,176,0.1,5,0,8205,5.9,3,4.8,84.9,1.4,196,2.6,7.7,64.3,1,0,0,0,24.5,0.2,5.8,1.1,10.1
"121",530,721,"7","720","EGGER HIGHLANDS",8183,0.6,826,0.6,506,0.7,320,0.6,2262,0.6,2262,0.6,2008,0.6,1760,0.6,248,0.6,9860,17.6,5.1,7.3,66.8,3.2,2262,1.9,11.3,55.9,0.7,0.1,0.2,1.1,28.9,0.4,2.4,1.1,4
"122",537,611,"6","610","MIDWAY DISTRICT",41352,2.9,3684,2.8,1963,2.5,1721,3.2,16419,4.1,16419,4.1,13459,3.9,12243,4,1216,3.1,13154,57.7,8.2,6.3,22,5.7,16419,1.6,20.2,16.2,1.3,0.3,0.4,0.5,59.4,0.3,3.7,1.2,6.9
"123",539,511,"5","510","BARRIO LOGAN",18803,1.3,1365,1,673,0.9,692,1.3,7881,2,7881,2,6840,2,6490,2.1,350,0.9,15907,34.5,13.4,6.3,42.5,3.2,7881,1.3,26.2,49.4,1.3,0.2,0.3,0.4,21.1,0.2,5,1.2,10.2
"124",541,242,"2","240","MIRA MESA",28857,2,3300,2.5,2106,2.7,1194,2.2,7453,1.9,7453,1.9,7001,2,6101,2,900,2.3,69871,27.4,4,46.2,14.9,7.4,7453,23.1,12.5,19.6,7.1,1,0.1,2.1,34.4,0.5,2.1,1.1,3.3
"125",542,933,"9","930","DEL MAR HEIGHTS",5198,0.4,369,0.3,243,0.3,126,0.2,1784,0.4,1784,0.4,1642,0.5,1552,0.5,90,0.2,7391,77.4,1.8,11.1,4.9,4.8,1784,7.2,5.4,15.2,6.8,0.5,0.2,0.8,63.8,0.2,4.4,1.1,6.8
"126",548,313,"3","310","KEARNY MESA",33790,2.4,2557,2,1741,2.2,816,1.5,8694,2.2,8694,2.2,8262,2.4,7464,2.4,798,2,5363,42.4,2.8,21.5,28.6,4.8,8694,13.1,11.7,23,4.8,0.3,0.1,1.1,45.9,0.3,3.2,1.1,4.7
"127",550,934,"9","930","CARMEL VALLEY",23197,1.6,1826,1.4,1064,1.4,762,1.4,5119,1.3,5119,1.3,4728,1.4,4520,1.5,208,0.5,45788,55.4,0.9,30,8.8,4.9,5119,13,6.1,16.7,8.7,0.2,0.1,0.5,54.7,0.4,2.6,1.1,4.4
"128",563,527,"5","520","HARBORVIEW",4395,0.3,412,0.3,273,0.4,139,0.3,875,0.2,875,0.2,737,0.2,656,0.2,81,0.2,1901,69.3,2.7,6.5,19.3,2.2,875,3,27.2,16.3,2.1,0.6,0.2,0.7,49.9,0.6,1.8,1.2,2.7
"129",567,522,"5","520","MARINA",18371,1.3,1130,0.9,622,0.8,508,1,4692,1.2,4692,1.2,3773,1.1,3428,1.1,345,0.9,5410,66.1,7.7,8.7,14.7,2.8,4692,1.9,25.6,17.4,1.8,0.3,0.3,0.7,52.1,0.3,3.3,1.2,6.1
"130",576,124,"1","120","LA JOLLA",28778,2,3139,2.4,2081,2.7,1058,2,4479,1.1,4479,1.1,3969,1.2,3337,1.1,632,1.6,30257,74.9,1.8,9.8,9.7,3.8,4479,4.2,6.6,15.9,4.6,0.3,0.1,0.8,67.6,0.8,1.3,1.1,1.9
"131",594,234,"2","230","RANCHO BERNARDO",15614,1.1,1784,1.4,1190,1.5,594,1.1,2418,0.6,2418,0.6,2260,0.7,1904,0.6,356,0.9,44931,58.6,2.1,21.3,11.8,6.2,2418,8.2,7.6,16.5,5.9,0.1,0.2,1.5,59.9,0.8,1.3,1.1,1.9
"132",600,241,"2","240","SCRIPPS RANCH",6680,0.5,713,0.5,429,0.6,284,0.5,739,0.2,739,0.2,689,0.2,549,0.2,140,0.4,20300,60.9,3,17.8,13.1,5.2,739,10.6,10.6,19.5,4.7,0.8,0,1.2,52.6,1,1,1.1,1.6
"133",602,312,"3","310","TIERRASANTA",7447,0.5,1010,0.8,598,0.8,412,0.8,1220,0.3,1220,0.3,1137,0.3,899,0.3,238,0.6,29101,57.4,5.4,12,18.6,6.7,1220,6.9,15.7,21.7,3.4,1,0.2,1.1,49.8,0.9,1.1,1.1,1.9
"134",604,126,"1","120","TORREY PINES",3022,0.2,294,0.2,189,0.2,105,0.2,394,0.1,394,0.1,376,0.1,325,0.1,51,0.1,2722,58.3,2.3,20.9,15,3.5,394,7.1,10.7,15.7,5.3,0,0.3,1,59.9,0.8,1.3,1,2
"135",610,243,"2","240","MIRAMAR",7982,0.6,841,0.6,662,0.9,179,0.3,2048,0.5,2048,0.5,1748,0.5,1621,0.5,127,0.3,6173,32.7,4.5,34.6,20.2,8,2048,13.4,9.8,25.2,5.8,1.2,0,1.8,42.9,0.5,2.1,1.2,2.6
"136",616,937,"9","930","BLACK MOUNTAIN RANCH",4722,0.3,351,0.3,181,0.2,170,0.3,1047,0.3,1047,0.3,963,0.3,896,0.3,67,0.2,9451,58.8,1.2,27.2,8.1,4.8,1047,15.9,6.8,13.7,13.6,0.4,0,0.3,49.5,0.4,2.7,1.1,5.3
"137",617,936,"9","930","TORREY HIGHLANDS",2290,0.2,215,0.2,125,0.2,90,0.2,393,0.1,393,0.1,361,0.1,331,0.1,30,0.1,7762,44.8,1.3,35.8,10.4,7.7,393,16.3,5.9,17.6,7.6,0.3,0.3,0,52.2,0.6,1.7,1.1,2.9
"138",618,233,"2","230","RANCHO PENASQUITOS",14427,1,1235,0.9,765,1,470,0.9,2044,0.5,2044,0.5,1927,0.6,1535,0.5,392,1,45906,48.9,2.3,29.7,12.4,6.7,2044,13.6,10.6,17.1,8.3,0.4,0.1,2,47.8,0.6,1.6,1.1,2.5
"139",619,235,"2","230","SAN PASQUAL",1167,0.1,28,0,16,0,12,0,163,0,163,0,159,0,144,0,15,0,2654,59.9,1.3,12.2,23.1,3.5,163,3.7,4.9,28.2,1.2,1.2,0,0.6,60.1,0.2,5.7,1,9.9
